intersection,lon,lat
28 STREET and BROADWAY,-73.9887679,40.7452981
CLINTON STREET and HENRY STREET,-73.9870672,40.7135879
AVENUE C and EAST 10 STREET,-73.9775424,40.7258346
EAST 97 STREET and FDR DRIVE EAST SERVICE ROAD,-73.9751248,40.7354336
MACDOUGAL STREET and WASHINGTON SQUARE PARK,-73.998633,40.7321969
BLEECKER STREET and MINETTA LANE,-74.0021092,40.7296135
SIXTH AVENUE and SPRING STREET,-74.0040538,40.7254954
SIXTH AVENUE and WEST HOUSTON STREET,-74.0029315,40.7281848
EAST 34 STREET and FDR DRIVE SERVICE ROAD EAST,-73.9720336,40.7431562
37 STREET and 8 AVENUE,-73.992079,40.754091
5 AVENUE and 71 STREET,-73.9675204,40.771767
1 AVENUE and 59 STREET,-73.9619909,40.7596286
EAST 58 STREET and QUEENSBOROUGH BRIDGE,-73.9618383,40.7598947
EAST 59 STREET and QUEENSBORO BRIDGE,-73.9607109,40.7595254
68 STREET and BROADWAY,-73.9822674,40.7755238
MOUNT MORRIS PARK and WEST 123 STREET,-73.9447774,40.8057827
MORNINGSIDE DRIVE and WEST 127 STREET,-73.9531521,40.8127151
2 AVENUE and 97 STREET TRANSVERSE,-73.9552791,40.7885802
EAST 96 STREET and TRANSVERSE ROAD,-73.955752,40.7879123
SAINT NICHOLAS TERRACE and WEST 138 STREET,-73.947025,40.8192271
HENRY HUDSON PARKWAY and RIVERSIDE DRIVE,-73.945014,40.8472147
BROADWAY and WEST 225 STREET,-73.909712,40.8746815
BROADWAY and WEST 225 STREET,-73.909712,40.8746815
FULTON STREET and GOLD STREET,-74.0054976,40.7090989
8 AVENUE and HARLEM RIVER DRIVE,-73.9352573,40.8307124
MAIN STREET and ROOSEVELT ISLAND BRIDGE,-73.9476803,40.7641352
RIVERSIDE DRIVE and WEST 69 STREET,-73.9883513,40.7788789
BANK STREET and WALL STREET,-74.0750242,40.6452668
GRANT AVENUE and VANDUZER STREET,-74.076537,40.6334609
HIGHLAND ROAD and VICTORY BOULEVARD,-74.0996998,40.6196418
CLOVE ROAD and MILFORD AVENUE,-74.0975036,40.6102477
HAMILTON STREET and STUYVESANT PLACE,-74.0784117,40.645197
STUYVESANT AVENUE and WALL STREET,-74.0777856,40.6440787
CORNELL AVENUE and DECKER AVENUE,-74.138064,40.6275679
POST AVENUE and SIMONSON AVENUE,-74.131917,40.631614
LISK AVENUE and SELVIN LOOP,-74.1623757,40.6223943
MORNINGSTAR ROAD and WALKER AVENUE,-74.1469099,40.631156
LONG POND LANE and SKYLINE DRIVE,-74.0814474,40.6125893
NARROWS ROAD and TARGEE STREET,-74.0883949,40.6087178
NARROWS ROAD and NECKAR AVENUE,-74.085139,40.6074651
ANDERSON AVENUE and CLIFTON AVENUE,-74.0686098,40.6141653
CLEVELAND PLACE and WEST FINGERBOARD ROAD,-74.0695129,40.6030311
FINGERBOARD ROAD and VERRAZANO BRIDGE,-74.0662179,40.6043531
GWENN LOOP and ROCKLAND AVENUE,-74.1441447,40.5886109
RICHMOND TERRACE and TYSENS LANE,-74.1319374,40.5737364
CRESCENT BEACH and TENNYSON DRIVE,-74.1454602,40.5370923
AMBOY ROAD and SHERWOOD AVENUE,-74.1543506,40.5488075
FOSTER AVENUE and RENSSELAER AVENUE,-74.2056236,40.537831
NORTH BRIDGE STREET and PAGE AVENUE,-74.2348148,40.5243087
ARTHUR KILL ROAD and EAST SERVICE ROAD,-74.2070612,40.5575094
ANNADALE ROAD and ARTHUR KILL,-74.1775407,40.5637616
AMSTERDAM AVENUE and RICHMOND AVENUE,-74.1630262,40.6004374
ADA DRIVE and ARLENE STREET,-74.1592262,40.620634
MARTLING AVENUE and SLOSSON TERRACE,-74.119669,40.6217247
RICHMOND HILL ROAD and SATURN LANE,-74.1581449,40.5836307
BEECHWOOD AVENUE and STURGES STREET,-74.1208238,40.6162175
VICTORY BOULEVARD and WEST SERVICE ROAD,-74.1940195,40.5897293
ESSEX DRIVE and WESTPORT STREET,-74.1576264,40.5822088
EAST 140 STREET and PARK AVENUE,-73.9281571,40.8139793
MOUNT EDEN PARKWAY and TOWNSEND AVENUE,-73.9138472,40.8439856
CLIFFORD AVENUE and JEROME AVENUE,-73.9131395,40.8466038
DAVIDSON AVENUE and EAST 177 STREET,-73.9116154,40.8501423
BRUCKNER EXPRESSWAY and CYPRESS AVENUE,-73.9158532,40.8036996
EAST 146 STREET and THIRD AVENUE,-73.92046,40.8145563
CROSS BRONX EXPRESSWAY SVC RD S and WASHINGTON,-73.8996985,40.8440871
CROSS BRONX EXPRESSWAY SVC RD S and WASHINGTON,-73.8996985,40.8440871
CROSS BX EXPRESSWAY and WEBSTER AVENUE,-73.9033848,40.8445188
CROSS BRONX EXPRESSWAY SVC RD S and WEBSTER AVENUE,-73.9033848,40.8445188
KAZIMIROFF BOULEVARD and SOUTHERN BOULEVARD,-73.8833143,40.8656372
GRAND CONCOURSE and WEST 183 STREET,-73.899897,40.8574345
COMMONWEALTH AVENUE and CROSS BRONX NORTH SERVICE,-73.8690548,40.8360896
CROTONA PARK NORTH and EAST 176 STREET,-73.885758,40.8398711
BRUCKNER EXPRESSWAY and CROSBY AVENUE,-73.8262269,40.8343561
PONTON AVENUE and WESTCHESTER SQUARE,-73.8434683,40.8416994
HUTCH RIVER PARKWAY and ROEBLING AVENUE,-73.8371232,40.8427237
PELHAM PARKWAY and WILSON AVENUE,-73.8493732,40.8575132
CASTLE HILL AVENUE and CROSS BRONX EXPRESSWAY SVC,-73.8506971,40.830553
CROSS BRONX SERVICE ROAD SOUTH and ELLIS AVENUE,-73.855627,40.83204
MATTHEWS AVENUE and PELHAM PARKWAY NORTH,-73.8629016,40.8567506
METROPOLITAN AVENUE and UNIONPORT ROAD,-73.8594572,40.8377757
UNIONPORT ROAD and WHITEPLAINS ROAD,-73.8650599,40.8423153
PELHAM PARKWAY and WALLACE AVENUE,-73.8647747,40.8567099
WEST 231 STREET and WEST KINGSBRIDGE ROAD,-73.9065607,40.8797977
RESERVIOR OVAL WEST and WEBB AVENUE,-73.900275,40.8745003
ADRIAN AVENUE and TERRACE VIEW AVENUE,-73.91278,40.8757102
HENRY HUDSON PARKWAY and WEST 236 STREET,-73.9118159,40.8870285
CITY ISLAND ROAD and PELHAM PARKWAY,-73.814008,40.8647211
CALHOUN AVENUE and CROSS BRONX EXPRESSWAY,-73.823505,40.824673
SCHLEY AVENUE and THROGS NECK BOULEVARD,-73.816315,40.826291
229 DRIVE NORTH and EAST 229 STREET,-73.8462782,40.8866066
BAINBRIDGE AVENUE and WEST MOSHOLU PARKWAY NORTH,-73.880695,40.8729038
SOUTHERN BOULEVARD and WEST MOSHOLU PARKWAY NORTH,-73.8705999,40.8654011
MOSHOLU PARKWAY and STEUBEN AVENUE,-73.8818424,40.8770308
RESERVIOR OVAL EAST and WEST KINGSBRIDGE,-73.8993984,40.8679278
RESERVIOR OVAL WEST and STRONG STREET,-73.8977686,40.8708874
EAST 195 STREET and JEROME AVENUE,-73.8965042,40.868628
KINGSBRIDGE AVENUE and UNIVERSITY AVENUE,-73.9010581,40.8683309
EASTCHESTER ROAD and GUNHILL ROAD,-73.8418173,40.868168
BRUNER AVENUE and ELY AVENUE,-73.8399698,40.8780473
EAST GUNHILL ROAD and FENTON AVENUE,-73.844231,40.8694148
FIELDSTON TERRACE and TIBBETT AVENUE,-73.8993651,40.8970684
PUTNAM AVENUE WEST and VANCORTLANDT PARK,-73.8974296,40.886157
2 STREET and HUNTS POINT AVENUE,-73.876999,40.813684
BRUCKNER EXPRESSWAY and WHITTIER STREET,-73.885867,40.8224703
35 STREET and HUNTERSPT AVENUE,-73.9310921,40.7380753
51 AVENUE and BORDEN AVENUE,-73.9289394,40.7367709
29 STREET and QUEENS PLAZA SOUTH,-73.937779,40.7498933
21 STREET and ASTORIA BOULEVARD SOUTH,-73.9259369,40.7722387
29 STREET and ASTORIA BLVD SOUTH,-73.919489,40.770441
31 STREET and ASTORIA BLVD SOUTH,-73.9181013,40.7700626
31 STREET and ASTORIA BOULEVARD SOUTH,-73.9181013,40.7700626
33 ROAD and ASTORIA BOULEVARD SOUTH,-73.9168175,40.7697956
42 STREET and ASTORIA BOULEVARD,-73.909018,40.7685544
43 STREET and ASTORIA BOULEVARD,-73.9080502,40.7683906
45 STREET and ASTORIA BLVD NORTH,-73.9061203,40.7680764
19 STREET and HAZEN STREET,-73.8928886,40.7738193
25 AVENUE and CRESCENT STREET,-73.9346295,40.75695
37 STREET and CRESCENT STREET,-73.9346295,40.75695
CADMAN PLAZA WEST and PIERREPONT PLACE,-73.9906127,40.6945803
FLATBUSH AVENUE and WILLOUGHBY AVENUE,-73.9824375,40.6920457
54 STREET and LENOX ROAD,-73.926911,40.6555629
EAST 10 STREET and SHEEPSHEAD BAY ROAD,-73.9841662,40.6112185
6 STREET and 65 STREET,-73.9807191,40.6133995
MYRTLE AVENUE and SKILLMAN AVENUE,-73.9570971,40.694471
SKILLMAN AVENUE and WILLOUGHBY AVENUE,-73.956773,40.692884
KING PLACE and TOMPKINS AVENUE,-73.9466524,40.697181
HIGHLAND BOULEVARD and VERMONT STREET,-73.8953841,40.6811771
BUSHWICK AVENUE and MARGINAL STREET,-73.8979271,40.6782726
155 AVENUE and 78 STREET,-73.8556951,40.6638719
AMBER STREET and LINDEN BOULEVARD,-73.8582352,40.6702643
BELMONT AVENUE and CONDUIT AVENUE,-73.8646441,40.6751691
CONDUIT AVENUE and ELDERTS LANE,-73.8643533,40.6756912
ELDERTS LANE and NORTH CONDUIT BOULEVARD,-73.8643533,40.6756912
ELDERTS LANE and SOUTH CONDUIT BOULEVARD,-73.8641252,40.6749955
SOUTH CONDUIT BOULEVARD and SUTTER AVENUE,-73.8617682,40.6742431
4 AVENUE and SHORE PARKWAY,-74.0349268,40.611416
DEVOE STREET and UNION STREET,-73.9514737,40.7131045
19 AVENUE and 82 STREET,-73.998086,40.608216
24 AVENUE and 84 STREET,-73.988186,40.600412
STILLWELL AVENUE and WEST 15 STREET,-73.9832722,40.5861976
BEDFORD AVENUE and HERKIMER PLACE,-73.953206,40.679832
PLAZA STREET EAST and ST JOHNS PLACE,-73.9710546,40.6752292
FLATBUSH AVENUE and SAINT MARKS PLACE,-73.97431,40.679735
4 AVENUE and SAINT MARKS AVENUE,-73.9799534,40.6818252
ELLIOT PLACE and HANSON PLACE,-73.9752374,40.6853983
BAYARD STREET and MC GUINNESS BOULEVARD,-73.9450005,40.7207624
EAGLE STREET and MCGUINNESS BOULEVARD,-73.9523876,40.7354038
ENGERT AVENUE and MC GUINNESS BOULEVARD,-73.9456971,40.7215931
HUMBOLDT STREET and MC GUINNESS BOULEVARD,-73.9441827,40.7200109
LOMBARDY STREET and VARICK STREET,-73.9340178,40.7234048
MCGUINESS BOULEVARD and MEEKER AVENUE,-73.9443894,40.7202908
MCGUINNESS BLVD SOUTH and MEEKER AVENUE,-73.9443894,40.7202908
LEONARD STREET and NASSAU STREET,-73.9499174,40.7240458
MCGUINNESS BOULEVARD and NEWTON STREET,-73.9456147,40.7213162
18 STREET and CORTELYOU ROAD,-73.9617419,40.6424292
18 STREET and TENNIS COURT,-73.9628418,40.6483925
9 STREET and HICKS STREET,-74.004764,40.6767136
HOWARD AVENUE and SAINT MARKS PLACE,-73.9195627,40.6735282
EASTERN PARKWAY and STERLING STREET,-73.9171696,40.6706915
EAST 66 STREET and MAYFAIR DRIVE,-73.9084514,40.607897
DUNNE COURT and EAST 12 STREET,-73.958723,40.5903918
DEAN STREET and VANDERBILT STREET,-73.967954,40.680189
EASTERN PARKWAY and PLAZA STREET WEST,-73.9688628,40.6730062
PROSPECT AVENUE and VANDERBILT AVENUE,-73.96886,40.677665
31 AVENUE and STRATTON STREET,-73.8343138,40.7689468
COLLEGE POINT BOULEVARD and HORACE HARDING EXPRESSWAY,-73.8399361,40.7430495
COLLEGE POINT BOULEVARD and HARDING STREET,-73.8399361,40.7430495
COLLEGE POINT BOULEVARD and HORACE HARDING BOULEVARD,-73.8399361,40.7430495
COLLEGE POINT BOULEVARD and HORACE HARDING EXPRESSWAY,-73.8399361,40.7430495
150 DRIVE and 21 AVENUE,-73.814395,40.7798684
BAYSIDE AVENUE and FRANCIS LEWIS BOULEVARD,-73.7973556,40.7738698
26 AVENUE and CLEARVIEW EXPRESSWAY E SVC RD,-73.7842703,40.7777849
33 AVENUE and CLEARVIEW EXPRESSWAY,-73.7832062,40.769571
45 DRIVE and CLEARVIEW EXPRESSWAY E SVC RD,-73.776333,40.7569
CLEARVIEW EXPRESSWAY E SVC RD and NORTHERN,-73.777667,40.7581474
43 AVENUE and CLEARVIEW EXPRESSWAY E SVC RD,-73.7781839,40.7603406
61 AVENUE and LITTLE NECK BOULEVARD,-73.7224672,40.7585168
61 STREET and DOUGLASTON PARKWAY,-73.7393916,40.7557642
HARDING STREET and LITTLE NECK PARKWAY,-73.7242583,40.7645623
BRONX BOULEVARD and EAST 235 STREET,-73.7517192,40.7805339
37 ROAD and JUNCTION BOULEVARD,-73.8708356,40.7515499
111 STREET and SAULTELL AVENUE,-73.8501326,40.7404845
ASTORIA BOULEVARD NORTH and DITMARS,-73.8878977,40.7671854
62 ROAD and WETHEROLE STREET,-73.868031,40.72969
63 ROAD and WETHEROLE STREET,-73.8636794,40.7280088
GRAND CENTRAL PARKWAY and HORACE HARDING EXPRESSWAY,-73.8456608,40.7393211
GRAND CENTRAL PARKWAY and HORACE HARDING EXPRESSWAY,-73.8456608,40.7393211
QUEENS BOULEVARD and UNIONTURNPIKE,-73.8311097,40.7144506
65 AVENUE and QUEENS BOULEVARD,-73.8996139,40.7409503
59 PLACE and 59 ROAD,-73.9083886,40.7181436
53 DRIVE and 71 STREET,-73.8929713,40.7311585
BKLYN QUEENS EXPRESSWAY and HAMILTON AVENUE,-73.8994312,40.7254019
BROOKLYN QUEENS EXPRESSWAY and GRAND AVENUE,-73.896689,40.7251657
69 STREET and MIDTOWN EXPRESSWAY,-73.8946903,40.7249969
75 AVENUE and PENELOPE AVENUE,-73.880344,40.716785
CHARLOTTE STREET and FLUSHING AVENUE,-73.9192584,40.712006
HANCOCK STREET and MYRTLE AVENUE,-73.9036437,40.7004228
FRESH PD ROAD and MENAHAN STREET,-73.899855,40.711281
121 AVENUE and 223 STREET,-73.740965,40.6877647
201 STREET and HOLLIS BOULEVARD,-73.7564563,40.7062206
182 STREET and NORTH CONDUIT AVENUE,-73.762645,40.6661569
89 STREET and NORTH CONDUIT AVENUE,-73.8463297,40.6695468
CROSSBAY BOULEVARD and NORTH CONDUIT AVENUE,-73.8425381,40.6692957
PARK LANE SOUTH and UNION TURNPIKE,-73.835875,40.7116281
100 AVENUE and ROCKAWAY BOULEVARD,-73.8395218,40.6799557
75 STREET and PITKIN AVENUE,-73.861712,40.676611
78 STREET and SOUTH CONDUIT AVENUE,-73.8582638,40.674145
80 STREET and SOUTH CONDUIT AVENUE,-73.856487,40.673377
LINDEN BOULEVARD and NORTH CONDUIT AVENUE,-73.8508883,40.6717057
PITKIN AVENUE and SUTTER AVENUE,-73.8531903,40.675447
NORTH CONDUIT AVENUE and SUTTER AVENUE,-73.859593,40.674556
NORTH CONDUIT BOULEVARD and SUTTER AVENUE,-73.859593,40.674556
91 AVENUE and VANWYCK EXPRESSWAY,-73.8152302,40.6994809
91 AVENUE and VANWYCK EXPRESSWAY,-73.8152302,40.6994809
JAMAICA AVENUE and VANWYCK EXPRESSWAY,-73.8168396,40.7024336
JAMAICA AVENUE and VANWYCK EXPRESSWAY,-73.8168396,40.7024336
102 AVENUE and VANWYCK EXPRESSWAY,-73.8117359,40.6932252
102 AVENUE and VANWYCK EXPRESSWAY,-73.8117359,40.6932252
107 AVENUE and VANWYCK EXPRESSWAY,-73.8090637,40.6884162
107 AVENUE and VANWYCK EXPRESSWAY,-73.8090637,40.6884162
95 AVENUE and VANWYCK EXPRESSWAY,-73.813443,40.696282
95 AVENUE and VANWYCK EXPRESSWAY,-73.813443,40.696282
97 AVENUE and VANWYCK EXPRESSWAY,-73.8127924,40.6950961
97 AVENUE and VANWYCK EXPRESSWAY,-73.8127924,40.6950961
109 AVENUE and VANWYCK EXPRESSWAY,-73.8082575,40.6869664
135 STREET and LEFFERTS BOULEVARD,-73.8208431,40.6705583
91 STREET and WOODHAVEN BOULEVARD,-73.8501142,40.6898288
PARK LANE and WOODHAVEN BOULEVARD,-73.8528728,40.6975283
LAURELTON PARKWAY and NORTH CONDUIT BOULEVARD,-73.740974,40.6661202
77 STREET and GRAND CENTRAL PARKWAY EB,-73.7771116,40.7215923
LINDEN BOULEVARD and SERVICE ROAD,-73.7272675,40.6907755
84 ROAD and CROSS ISLAND PARKWAY,-73.7231916,40.7338175
88 AVENUE and CROSS ISLAND PARKWAY,-73.7231414,40.7296211
88 ROAD and CROSS IS PARKWAY,-73.7240226,40.729047
CROSS IS PARKWAY and HILLSIDE AVENUE,-73.7224265,40.7351303
221 PLACE and 90 STREET,-73.739311,40.7281603
168 STREET and GRAND CENTRAL PARKWAY N SVC RD,-73.7912647,40.7198636
69 AVENUE and GRAND CENTRAL PARKWAY N SVC RD,-73.7912647,40.7198636
69 ROAD and GRAND CENTRAL PARKWAY S SVC RD,-73.7912647,40.7198636
76 ROAD and GRAND CENTRAL PARKWAY E SVC RD,-73.7912647,40.7198636
169 PLACE and JAMAICA AVENUE,-73.7907811,40.7068693
156 STREET and NORTH CONDUIT AVENUE,-73.7803885,40.6667262
145 ROAD and 177 STREET,-73.7715574,40.6652174
138 STREET and VANWYCK EXPRESSWAY,-73.816182,40.7037872
135 AVENUE and VAN WYCK EXPRESSWAY,-73.8003205,40.6677688
BAY 25 STREET and ROCKAWAY FREEWAY,-73.7616152,40.5999574
BEACH 24 STREET and SEAGIRT BOULEVARD,-73.7579826,40.5952371
COLD SPRING ROAD and WATERVIEW STREET,-73.76793,40.6049581
BEACH 94 STREET and SHOREFRONT PARKWAY,-73.81541,40.5839051
CHANNEL BRIDGE and CROSS BAY BOULEVARD,-73.8207476,40.5973073
CROSSBAY BOULEVARD and WEST 2 ROAD,-73.8215106,40.6146276
HARMONY ROAD and ROCKAWAY POINT BOULEVARD,-73.8907294,40.5653964
HIGHLAND PLACE and ROCKAWAY POINT BOULEVARD,-73.9112654,40.5607514
BRUCKNER BOULEVARD and THIRD AVENUE,-73.930748,40.80842
BRUCKNER BOULEVARD and WILLIS AVENUE BRIDGE,-73.925151,40.805867
DEEGAN EXPRESSWAY and EAST 149 STREET,-73.930697,40.819358
EAST 143 STREET and SAINT ANNS AVENUE,-73.915198,40.810386
EAST 145 STREET and SAINT ANNS AVENUE,-73.914474,40.811651
EAST 149 STREET and WILLIS AVENUE,-73.917687,40.81608
EAST 157 STREET and SAINT ANNS AVENUE,-73.911597,40.820193
EAST 157 STREET and THIRD AVENUE,-73.912568,40.82086
ARCHER ROAD and ARCHER STREET,-73.86292,40.837928
CROSS BX EXPRESSWAY and FULTON AVENUE,-73.896661,40.843524
CROTONA AVENUE and CROTONA PARK NO,-73.894101,40.842191
THIRD AVENUE and WEIHER COURT,-73.90793,40.825995
CASTLE HILL AVENUE and SAINT RAYMOND AVENUE,-73.852479,40.837784
CASTLEHILL AVENUE and QUIMBY AVENUE,-73.849697,40.826175
LACOMBE AVENUE and WHITEPLAINS ROAD,-73.856784,40.815661
LAFAYETTE AVENUE and STICKBALL BOULEVARD,-73.8572,40.822156
LELAND AVENUE and OBRIEN AVENUE,-73.858651,40.811069
ODELL STREET and SAINT RAYMOND AVENUE,-73.854457,40.837569
OLMSTEAD AVENUE and SAINT RAYMOND AVENUE,-73.855447,40.837463
PATTERSON AVENUE and WHITEPLAINS ROAD,-73.85629,40.813555
PURDY STREET and SAINT RAYMOND AVENUE,-73.853488,40.837675
PURDY STREET and ST RAYMOND AVENUE,-73.853488,40.837675
ASH LOOP and BARTOW AVENUE,-73.830474,40.869117
ASH LOOP and CO-OP CITY BOULEVARD,-73.825886,40.870395
BENSON STREET and SAINT RAYMOND AVENUE,-73.846426,40.842384
BLONDELL AVENUE and SAINT RAYMOND AVENUE,-73.843776,40.844118
BURR AVENUE and PELHAM PARKWAY,-73.828603,40.855717
CASTLE HILL AVENUE and SAINT RAYMOND AVENUE,-73.852479,40.837784
CASTLEHILL AVENUE and SAINT RAYMOND AVENUE,-73.852479,40.837784
CITY ISLAND BRIDGE and CITY ISLAND ROAD,-73.800901,40.859548
CITY LINE and SHORE ROAD,-73.794055,40.883701
EAST TREMONT AVENUE and SAINT RAYMOND AVENUE,-73.845934,40.842765
EAST TREMONT AVENUE and WESTCHESTER SQUARE,-73.843389,40.841521
FIRST AVENUE and MAIN STREET,-73.807211,40.824177
FRISBY AVENUE and ST PETERS AVENUE,-73.846479,40.83981
GLOVER STREET and SAINT RAYMOND AVENUE,-73.851445,40.837952
PARKER STREET and SAINT RAYMOND AVENUE,-73.850678,40.838574
PELHAM PARKWAY and SAINT PAUL AVENUE,-73.830566,40.855512
PILGRIM AVENUE and SAINT THERESA AVENUE,-73.833105,40.849477
ROWLAND STREET and SAINT RAYMOND AVENUE,-73.848792,40.839892
SAINT RAYMOND AVENUE and SEDDON STREET,-73.848433,40.840216
SEDDON STREET and ST RAYMONDS AVENUE,-73.848433,40.840216
ST RAYMOND AVENUE and WILLIAMSBRIDGE ROAD,-73.845173,40.843362
ST RAYMONDS AVENUE and WILLIAMSBRIDGE ROAD,-73.845173,40.843362
ABBOT STREET and BALDWIN STREET,-73.85305,40.908035
EAST 178 STREET and GRANDCONCOURSE,-73.905134,40.85053
BOSTON POST ROAD and EAST GUN HILL ROAD,-73.853637,40.873301
BOUCK AVENUE and EAST GUNHILL ROAD,-73.849876,40.872103
BUSSING AVENUE and SETON AVENUE,-73.838964,40.895594
CONNOR STREET and DYRE AVENUE,-73.831199,40.886662
CRANFORD AVENUE and MUNDY LANE,-73.841385,40.904171
EAST 226 STREET and SCHIEFFELIN AVENUE,-73.845308,40.883484
EAST 226 STREET and WHITEPLAINS ROAD,-73.860081,40.888512
EAST 240 STREET and WEBSTER AVENUE,-73.861563,40.901063
EAST 241 STREET and MUNDY LANE,-73.841019,40.902815
EAST 242 STREET and VANCORTLANDT PARK EAST,-73.868202,40.902355
EASTCHESTER PLACE and MCOWEN AVENUE,-73.817637,40.886762
GUNHILL ROAD and NEWELL STREET,-73.870336,40.87835
GUNHILL ROAD and OLINVILLE AVENUE,-73.868048,40.877798
GUNHILL ROAD and SEYMOUR AVENUE,-73.84609,40.870391
NEREID AVENUE and WEBSTER AVENUE,-73.861563,40.901063
ONEIDA AVENUE and VANCORTLANDT PARK EAST,-73.873019,40.899355
PITMAN AVENUE and SETON AVENUE,-73.839664,40.897886
EAST 186 STREET and THIRD AVENUE,-73.891095,40.856779
ADRIAN AVENUE and WEST 225 STREET,-73.912786,40.875634
ADRIAN AVENUE and WEST 227 STREET,-73.910607,40.877356
ADRIAN AVENUE and WEST 228 STREET,-73.909984,40.877828
ARNOW AVENUE and ONEIL PLACE,-73.843212,40.867444
ARNOW AVENUE and WHITEPLAINS ROAD,-73.867276,40.867889
BRITTON STREET and WHITEPLAINS ROAD,-73.867318,40.866577
BRONX PARK EAST and UNIONPORT ROAD,-73.8678,40.851589
EAST GUNHILL ROAD and SEXTON PLACE,-73.846408,40.870553
EAST GUNHILL ROAD and THROOP AVENUE,-73.85079,40.872395
EAST GUNHILL ROAD and TIEMANN AVENUE,-73.837842,40.866097
EAST TREMONT AVENUE and WESTCHESTER SQUARE,-73.843389,40.841521
HONE AVENUE and PELHAM PARKWAY,-73.860126,40.856814
LURTING AVENUE and VANNEST AVENUE,-73.852829,40.847874
MACE AVENUE and WHITEPLAINS ROAD,-73.867423,40.863212
MATTHEWS AVENUE and VANNEST AVENUE,-73.861185,40.844681
SACKET AVENUE and YATES AVENUE,-73.847208,40.846488
ADRIAN AVENUE and WEST 225 STREET,-73.912786,40.875634
ADRIAN AVENUE and WEST 228 STREET,-73.909984,40.877828
BROADWAY and WEST 228 STREET,-73.908378,40.875683
FORT CHARLES PLACE and JACOBUS PLACE,-73.911455,40.875674
FORT CHARLES PLACE and MARBLE HILL AVENUE,-73.909447,40.876271
FT CHARLES PLACE and MARBLE HILL AVENUE,-73.909447,40.876271
JACOBUS PLACE and VAN CORLEAR PLACE,-73.911455,40.875674
JACOBUS PLACE and VANCORLEAR PLACE,-73.911455,40.875674
JACOBUS PLACE and WEST 225 STREET,-73.912266,40.875043
KINGSBRIDGE TERRACE and WEST 230 STREET,-73.902151,40.875584
MAJOR DEEGAN EXPRESSWAY and VANCORTLANDT PARK SOUTH,-73.896614,40.885954
MARBLE HILL AVENUE and WEST 225 STREET,-73.911088,40.874661
MARBLE HILL AVENUE and WEST 227 STREET,-73.909472,40.876548
MARBLE HILL AVENUE and WEST 228 STREET,-73.909045,40.87722
SPENCER AVENUE and WEST 263 STREET,-73.898104,40.911791
TERRACE VIEW AVENUE and TEUNISSEN PLACE,-73.912716,40.876685
TERRACE VIEW AVENUE and WEST 225 STREET,-73.912786,40.875634
VAN CORLEAR PLACE and WEST 227 STREET,-73.910058,40.876955
WEBB AVENUE and WEST 188 STREET,-73.907538,40.863559
BAY 50 STREET and SHORE PARKWAY,-73.988259,40.58503
BRIGHTON 7 STREET and BRIGHTON 7 WALK,-73.961634,40.58066
HIGHLAND AVENUE and MAPLE AVENUE,-74.00838,40.579104
RIEGELMANN BOARDWALK and WEST 21 STREET,-73.987243,40.572497
ANGELA DRIVE and OCEAN PARKWAY,-73.964955,40.591863
AVENUE W and EAST 15 STREET,-73.955584,40.594481
DEVON AVENUE and JOVAL COURT,-73.930288,40.591638
EATON COURT and LOIS AVENUE,-73.921336,40.586933
FLORENCE AVENUE and JOVAL COURT,-73.928202,40.589729
GRAVESEND NECK ROAD and HOMECREST AVENUE,-73.958368,40.594226
MADOC AVENUE and NOVA COURT,-73.92517,40.586812
STRYKER COURT and STRYKER STREET,-73.972779,40.591694
17 AVENUE and 75 STREET,-73.998372,40.614831
O AVENUE and WEST 6 STREET,-73.98018,40.610632
P AVENUE and WEST 6 STREET,-73.979698,40.608077
L AVENUE and UTICA AVENUE,-73.92737,40.623561
ALBERMARLE ROAD and MCDONALD AVENUE,-73.979881,40.64511
ELMWOOD AVENUE and MCDONALD AVENUE,-73.97645,40.627007
B AVENUE and RALPH AVENUE,-73.920184,40.64703
BEVERLEY ROAD and EAST 34 STREET,-73.9451,40.645373
12 AVENUE and 69 STREET,-74.006095,40.625033
12 AVENUE and TABOR COURT,-74.002226,40.62875
13 AVENUE and 75 STREET,-74.007427,40.620304
14 AVENUE and POLY PLACE,-74.01702,40.607655
78 STREET and FORT HAMILTON PARKWAY,-74.01875,40.624318
ALBERMARLE ROAD and EAST 18 STREET,-73.962612,40.647007
EAST 15 STREET and FOSTER AVENUE,-73.963102,40.634047
SAINT PAUL PLACE and WOODRUFF AVENUE,-73.963813,40.653263
BROOKLYN AVENUE and WINTHROP AVENUE,-73.945094,40.657431
MCKEEVER PLACE and SULLIVAN PLACE,-73.959344,40.664175
BERGAN STREET and BOYLAND STREET,-73.913918,40.67413
BOYLAND STREET and MCDOUGAL STREET,-73.913882,40.679935
CHRISTOPHER AVENUE and EAST NY AVENUE,-73.906957,40.673984
LOTT AVENUE and THOMAS BOYLAND STREET,-73.910548,40.657524
MACDOUGAL STREET and THOMAS BOYLAND STREET,-73.913882,40.679935
SARATOGA AVENUE and ST JOHNS PLACE,-73.91711,40.66982
ATLANTIC AVENUE and ELDERTS LANE,-73.866302,40.683186
AUTUMN AVENUE and CONDUIT BOULEVARD,-73.868381,40.67653
CYPRESS HILL STREET and JAMAICA AVENUE,-73.875706,40.688563
DEWITT AVENUE and HINSDALE STREET,-73.896649,40.656118
DOSHER STREET and SUTTER AVENUE,-73.872041,40.672754
DUMONT AVENUE and VAN SIDERIN AVENUE,-73.900852,40.665344
EAST NY AVENUE and JAMAICA AVENUE,-73.900045,40.676894
ELDERT LANE and FULTON STREET,-73.866597,40.68527
ELDERTS LANE and FULTON STREET,-73.866597,40.68527
ELDERTS LANE and KARWEG PLACE,-73.867281,40.687749
JAMAICA AVENUE and SCHENCK COURT,-73.89082,40.681293
JAMAICA AVENUE and VANSICLEN AVENUE,-73.892328,40.680567
LINDEN BOULEVARD and SAPPHIRE STREET,-73.857266,40.670256
PITKIN AVENUE and VAN SIDERIN AVENUE,-73.902289,40.670937
BUSH STREET and COLUMBIA STREET,-74.007419,40.67523
DELAVAN STREET and RICHARDS STREET,-74.007686,40.679506
LINCOLN PLACE and SCHNECTADY AVENUE,-73.933797,40.669891
PROSPECT PLACE and SCHNECTADY AVENUE,-73.933469,40.673407
5 AVENUE and BERGAN STREET,-73.977022,40.681486
ATLANTIC AVENUE and FT GREEN PLACE,-73.975954,40.683475
BUTLER STREET and QUISENBURY DRIVE,-73.979561,40.679288
DEKALB AVENUE and GARVEY BOULEVARD,-73.93997,40.692682
ELLERY STREET and GARVEY BOULEVARD,-73.941309,40.699292
MARCUS GARVEY BOULEVARD and MCDONOUGH STREET,-73.937787,40.681693
MLK PLACE and TOMPKINS AVENUE,-73.946637,40.697178
MACDONOUGH STREET and MALCOLM X BOULEVARD,-73.929007,40.682701
MCDONOUGH STREET and PATCHEN AVENUE,-73.926093,40.683037
BLEECKER STREET and CYPRESS AVENUE,-73.912549,40.703874
CENTRAL AVENUE and COOPER AVENUE,-73.907237,40.68789
COVERT STREET and IRVING AVENUE,-73.905043,40.693704
CYPRESS AVENUE and DEKALB AVENUE,-73.916996,40.706501
CYPRESS AVENUE and HIMROD STREET,-73.914769,40.70519
CYPRESS AVENUE and JEFFERSON STREET,-73.921433,40.709128
CYPRESS AVENUE and MENAHAN STREET,-73.911806,40.703434
CYPRESS AVENUE and STANHOPE STREET,-73.915511,40.705627
CYPRESS AVENUE and STARR STREET,-73.919959,40.708257
DECATUR STREET and IRVING AVENUE,-73.903541,40.692849
ELDERT STREET and WYCKOFF AVENUE,-73.904258,40.695699
GATES AVENUE and WYCKOFF AVENUE,-73.911807,40.699937
GROVE STREET and SAINT NICHOLAS AVENUE,-73.912162,40.701922
HALSEY STREET and WYCKOFF AVENUE,-73.905004,40.696119
IRVING AVENUE and SCHAEFER STREET,-73.904287,40.693278
LINDEN STREET and SAINT NICHOLAS AVENUE,-73.911423,40.701485
MENAHAN STREET and SAINT NICHOLAS AVENUE,-73.912904,40.702362
PUTNAM AVENUE and WYCKOFF AVENUE,-73.908773,40.698255
WEIRFIELD STREET and WYCKOFF AVENUE,-73.905764,40.696548
ATLANTIC AVENUE and BQE,-73.999203,40.691572
BQE and MANHATTAN AVENUE,-73.946753,40.71861
CADMAN PLAZA WEST and FURMAN STREET,-73.994709,40.702993
GOLD STREET and SAND STREET,-73.98293,40.699772
PACIFIC STREET and THIRD AVENUE,-73.981131,40.684687
SCHERMERHORN STREET and THIRD AVENUE,-73.979811,40.686646
ASSEMBLY ROAD and MARKET STREET,-73.968696,40.699465
ATLANTIC COMMONS and SOUTH OXFORD STREET,-73.973026,40.684144
AUBURN PLACE and SAINT EDWARDS STREET,-73.977984,40.694257
DEKALB AVENUE and SAINT JAMES PLACE,-73.965188,40.689783
ANTHONY STREET and VANDEVOORT AVENUE,-73.937409,40.723276
BQE and METROPOLITAN AVENUE,-73.953163,40.714064
FLUSHING AVENUE and SENECA AVENUE,-73.920746,40.71053
HEWES STREET and WILLIAMSBURG STREET EAST,-73.960609,40.701655
MANHATTAN AVENUE and MCKIBBIN STREET,-73.944568,40.705019
MASPETH AVENUE and NEWTOWN CREEK SHORELINE,-73.924674,40.719884
SOUTH 2 STREET and WHYTE AVENUE,-73.965143,40.714288
WHYTE AVENUE and WILLIAMSBURG STREET EAST,-73.960862,40.701131
WHYTE AVENUE and WILSON STREET,-73.965058,40.703688
WILLIAMSBURGH ST WEST and WYTHE AVENUE,-73.961453,40.701661
BQE and KOSCIUSKO BRIDGE,-73.933136,40.725368
BQE and LORIMER STREET,-73.949792,40.71669
BQE and MANHATTAN AVENUE,-73.946753,40.71861
BQE and VANDERVOORT AVENUE,-73.937636,40.7241
HUMBOLT STREET and METROPOLITAN AVENUE,-73.942688,40.714691
JAVA STREET and MC GUINESS BOULEVARD,-73.951895,40.731861
DYER AVENUE and LINCOLN TUNNEL APPROACH,-73.996719,40.755141
WEST 17 STREET and WEST SIDE HIGHWAY,-74.008347,40.744702
WEST 18 STREET and WEST SIDE HIGHWAY,-74.008199,40.745416
WEST 19 STREET and WEST SIDE HIGHWAY,-74.008084,40.74611
WEST 20 STREET and WEST SIDE HIGHWAY,-74.007957,40.746813
WEST 21 STREET and WEST SIDE HIGHWAY,-74.007828,40.747535
WEST 23 STREET and WEST SIDE HIGHWAY,-74.008062,40.749302
WEST 24 STREET and WEST SIDE HIGHWAY,-74.008366,40.750307
WEST 26 STREET and WEST SIDE HIGHWAY,-74.007925,40.751751
WEST 29 STREET and WEST SIDE HIGHWAY,-74.007139,40.753831
WEST 30 STREET and WEST SIDE HIGHWAY,-74.006738,40.75449
WEST 33 STREET and WEST SIDE HIGHWAY,-74.005403,40.756351
WEST 34 STREET and WEST SIDE HIGHWAY,-74.004927,40.757021
WEST 39 STREET and WEST SIDE HIGHWAY,-74.002638,40.760158
WEST 40 STREET and WEST SIDE HIGHWAY,-74.002183,40.760776
WEST 41 STREET and WEST SIDE HIGHWAY,-74.001736,40.761391
WEST 42 STREET and WEST SIDE HIGHWAY,-74.001151,40.762025
WEST 43 STREET and WEST SIDE HIGHWAY,-74.000386,40.762582
AVENUE C and COOPER ROAD,-73.974821,40.734218
AVENUE OF AMERICAS and WEST 21 STREET,-73.993735,40.741623
AVENUE OF AMERICAS and WEST 29 STREET,-73.990068,40.746659
C AVENUE and EAST 20 STREET,-73.97441,40.732593
EAST 44 STREET and THIRD AVENUE,-73.973504,40.752064
EAST 57 STREET and QUEENSBORO BRIDGE APPROACH,-73.964502,40.758975
EAST 58 STREET and QUEENSBORO BRIDGE APPROACH,-73.964004,40.759648
WEST 43 STREET and WEST SIDE HIGHWAY,-74.000386,40.762582
WEST 44 STREET and WEST SIDE HIGHWAY,-73.999649,40.763114
WEST 45 STREET and WEST SIDE HIGHWAY,-73.999047,40.763655
WEST 46 STREET and WEST SIDE HIGHWAY,-73.998581,40.764281
WEST 47 STREET and WEST SIDE HIGHWAY,-73.998137,40.764904
WEST 48 STREET and WEST SIDE HIGHWAY,-73.997671,40.76553
WEST 49 STREET and WEST SIDE HIGHWAY,-73.997234,40.766144
WEST 50 STREET and WEST SIDE HIGHWAY,-73.996761,40.766778
WEST 51 STREET and WEST SIDE HIGHWAY,-73.996328,40.767396
WEST 52 STREET and WEST SIDE HIGHWAY,-73.995848,40.768033
WEST 54 STREET and WEST SIDE HIGHWAY,-73.994938,40.769295
WEST 55 STREET and WEST SIDE HIGHWAY,-73.994646,40.769981
WEST 56 STREET and WEST SIDE HIGHWAY,-73.994548,40.770742
WEST 57 STREET and WEST SIDE HIGHWAY,-73.994346,40.771464
WEST 58 STREET and WEST SIDE HIGHWAY,-73.993873,40.772238
WEST 59 STREET and WEST SIDE HIGHWAY,-73.993411,40.772877
ALBANY STREET and WEST SIDE HIGHWAY,-74.014824,40.709824
AVENUE OF THE AMERICAS and VAN DAM STREET,-74.00373,40.726249
BATTERY PLACE and FIRST PLACE,-74.017929,40.706176
HUDSON STREET and VAN DAM STREET,-74.007432,40.726601
MURRAY STREET and WEST SIDE HIGHWAY,-74.01335,40.715234
SIXTH AVENUE and WATTS STREET,-74.004787,40.723625
WEST 56 STREET and WEST SIDE HIGHWAY,-73.994548,40.770742
WEST 59 STREET and WEST SIDE HIGHWAY,-73.993411,40.772877
EAST 106 STREET and SECOND AVENUE,-73.942434,40.790624
EAST 97 STREET and FDR DRIVE,-73.943517,40.783631
COLUMBUS AVENUE and WEST 103 STREET,-73.964287,40.797305
EAST 126 STREET and THIRD AVENUE,-73.935325,40.804369
CONVENT AVENUE and SAINT NICHOLAS TERRACE,-73.948539,40.821486
HANCOCK PLACE and MANHATTAN AVENUE,-73.953277,40.809881
FREDERICK DOUGLAS BOULEVARD and WEST 111 STREET,-73.957697,40.801231
FREDERICK DOUGLAS BOULEVARD and WEST 114 STREET,-73.956319,40.803116
EDGECOMB AVENUE and WEST 145 STREET,-73.943844,40.823647
SAINT NICHOLAS AVENUE and WEST 154 STREET,-73.941667,40.830159
BROADWAY and SAINT NICHOLAS AVENUE,-73.939333,40.84168
PEARL STREET and ROBERT F WAGNER SENIOR PLACE,-74.001136,40.710176
AVENUE OF AMERICAS and WAVERLY PLACE,-74.000064,40.732928
AVENUE OF AMERICAS and WEST 9 STREET,-73.999184,40.734138
BANK STREET and WEST SIDE HIGHWAY,-74.010035,40.736001
EAST 9 STREET and FIFTH AVENUE,-73.995915,40.732848
MACDOUGAL STREET and WAVERLY PLACE,-73.99861,40.732214
WEST 14 STREET and WEST SIDE HIGHWAY,-74.00879,40.742375
DICKSTEIN PLAZA and GRAND STREET,-73.984257,40.715209
BLEEKER STREET and MOTT STREET,-73.993758,40.725646
97 STREET TRANSVERSE and EAST DRIVE,-73.957393,40.789475
85 STREET TRANSVERSE and CPW,-73.969334,40.785293
AVENUE OF AMERICAS and WEST 55 STREET,-73.978138,40.763024
WEST 43 STREET and WEST SIDE HIGHWAY,-74.000386,40.762582
WEST 44 STREET and WEST SIDE HIGHWAY,-73.999649,40.763114
WEST 45 STREET and WEST SIDE HIGHWAY,-73.999047,40.763655
WEST 46 STREET and WEST SIDE HIGHWAY,-73.998581,40.764281
WEST 47 STREET and WEST SIDE HIGHWAY,-73.998137,40.764904
WEST 48 STREET and WEST SIDE HIGHWAY,-73.997671,40.76553
WEST 49 STREET and WEST SIDE HIGHWAY,-73.997234,40.766144
WEST 50 STREET and WEST SIDE HIGHWAY,-73.996761,40.766778
WEST 51 STREET and WEST SIDE HIGHWAY,-73.996328,40.767396
WEST 52 STREET and WEST SIDE HIGHWAY,-73.995848,40.768033
WEST 54 STREET and WEST SIDE HIGHWAY,-73.994938,40.769295
WEST 55 STREET and WEST SIDE HIGHWAY,-73.994646,40.769981
WEST 56 STREET and WEST SIDE HIGHWAY,-73.994548,40.770742
WEST 57 STREET and WEST SIDE HIGHWAY,-73.994346,40.771464
WEST 59 STREET and WEST SIDE HIGHWAY,-73.993411,40.772877
AVENUE OF AMERICAS and WEST 42 STREET,-73.984118,40.75484
17 ROAD and CROSSBAY BOULEVARD,-73.820369,40.600945
B 122 STREET and ROCKAWAY BEACH BOULEVARD,-73.842224,40.578132
BEACH 221 STREET and BREEZY POINT BOULEVARD,-73.928798,40.554387
BEACH 98 STREET and SHOREFRONT PARKWAY,-73.818549,40.582955
CROSSBAY BOULEVARD and WEST 6 ROAD,-73.819035,40.609707
OCEANSIDE AVENUE and POINT BREEZE AVENUE,-73.920293,40.558507
BEACH 32 STREET and FALCON AVENUE,-73.767083,40.600001
101 AVENUE and DREW STREET,-73.86335,40.679351
107 STREET and PARK LA SOUTH,-73.842937,40.700553
108 STREET and PARK LA SOUTH,-73.842157,40.700903
82 AVENUE and BEVERLY ROAD,-73.834052,40.710026
87 AVENUE and ELDERT LANE,-73.86791,40.690475
90 AVENUE and ELDERTS LANE,-73.867016,40.686829
90 STREET and PARK LA SOUTH,-73.855675,40.69718
95 AVENUE and DREW STREET,-73.864101,40.682371
95 AVENUE and ELDERT LANE,-73.866027,40.681918
95 AVENUE and ELDERTS LANE,-73.866027,40.681918
95 AVENUE and FORBELL STREET,-73.864992,40.682128
96 STREET and PARK LA SOUTH,-73.849932,40.698089
97 AVENUE and DREW STREET,-73.863786,40.681114
ELDERTS LANE and JAMAICA AVENUE,-73.868057,40.691184
GROSVENOR ROAD and PARK LA SOUTH,-73.837811,40.706988
150 STREET and SHORE AVENUE,-73.800513,40.693768
55 AVENUE and 69 PLACE,-73.894524,40.727837
58 AVENUE and 68 STREET,-73.895818,40.724243
58 ROAD and QUEENS MIDTOWN EXPRESSWAY,-73.890393,40.725681
59 AVENUE and FRESH PD ROAD,-73.902496,40.719407
60 LANE and METRO AVENUE,-73.902935,40.712787
62 AVENUE and FRESH PD ROAD,-73.900939,40.713842
67 AVENUE and FRESH PD ROAD,-73.896572,40.705766
70 AVENUE and FRESH PD ROAD,-73.895203,40.702591
72 STREET and JUNIPER BLVD SOUTH,-73.883419,40.717901
73 PLACE and METRO AVENUE,-73.879341,40.712726
79 AVENUE and SAINT FELIX AVENUE,-73.89954,40.694284
COOPER AVENUE and IRVING AVENUE,-73.902788,40.692418
CORNELIA STREET and WYCKOFF AVENUE,-73.908024,40.697824
CYPRESS AVENUE and DE KALB AVENUE,-73.916996,40.706501
CYPRESS AVENUE and FLUSHING AVENUE,-73.921891,40.709395
CYPRESS AVENUE and GREENE AVENUE,-73.913291,40.704311
CYPRESS AVENUE and HARMAN STREET,-73.91403,40.704748
CYPRESS AVENUE and HART STREET,-73.917735,40.706941
CYPRESS AVENUE and STOCKHOLM STREET,-73.916254,40.706064
CYPRESS AVENUE and SUYDAM STREET,-73.918477,40.707381
CYPRESS AVENUE and TROUTMAN STREET,-73.920701,40.708694
CYPRESS AVENUE and WILLOUGHBY AVENUE,-73.91922,40.707815
FLUSHING AVENUE and FRESH PD ROAD,-73.903117,40.721628
GATES AVENUE and SAINT NICHOLAS AVENUE,-73.910677,40.701045
GEORGE STREET and WYCKOFF AVENUE,-73.904665,40.695933
HAMILTON PLACE and LONG ISLAND EXPRESSWAY,-73.899756,40.725758
HANCOCK STREET and WYCKOFF AVENUE,-73.906845,40.697164
JEFFERSON AVENUE and WYCKOFF AVENUE,-73.90757,40.697571
MAZEAU STREET and QUEENS MIDTOWN EXPRESSWAY,-73.890396,40.726398
MENAHAN STREET and SAINT JOHNS ROAD,-73.908011,40.707153
METRO AVENUE and MOUNT OLIVET CRESCENT,-73.895025,40.712478
METRO AVENUE and MT OLIVET CRESCENT,-73.895025,40.712478
MYRTLE AVENUE and PALMETTO STREET,-73.911036,40.699531
MYRTLE AVENUE and WYCKOFF AVENUE,-73.911036,40.699531
PALMETTO STREET and WYCKOFF AVENUE,-73.911036,40.699531
SUMMERFIELD AVENUE and WYCKOFF AVENUE,-73.90251,40.694693
128 ROAD and HOOK CREEK BOULEVARD,-73.725753,40.680944
132 AVENUE and HOOK CREEK BOULEVARD,-73.72714,40.675096
132 AVENUE and HOOKCREEK BOULEVARD,-73.72714,40.675096
134 ROAD and HOOKCREEK BOULEVARD,-73.728314,40.670885
145 DRIVE and BREWER BOULEVARD,-73.769063,40.664724
148 AVENUE and HOOKCREEK BOULEVARD,-73.726386,40.65492
238 STREET and HILLSIDE AVENUE,-73.749122,40.772179
239 STREET and JAMAICA AVENUE,-73.728162,40.723085
246 STREET and JAMAICA AVENUE,-73.722043,40.725011
246 STREET and LEWIS BOULEVARD,-73.734526,40.664356
249 STREET and JAMAICA AVENUE,-73.715878,40.726541
250 STREET and JAMAICA AVENUE,-73.714968,40.726646
256 STREET and JAMAICA AVENUE,-73.708571,40.727635
257 STREET and JAMAICA AVENUE,-73.707661,40.72783
77 AVENUE and HEWLETT AVENUE,-73.70361,40.753557
77 ROAD and HEWLETT STREET,-73.702734,40.75325
91 AVENUE and JAMAICA AVENUE,-73.720385,40.725474
BRADDOCK AVENUE and JAMAICA AVENUE,-73.723152,40.724734
BROOKVILLE BOULEVARD and HOOKCREEK BOULEVARD,-73.725862,40.683242
COMMONWEALTH BOULEVARD and JAMAICA AVENUE,-73.718286,40.726039
EAST WILLISTON AVENUE and HILLSIDE AVENUE,-73.700983,40.738896
HOOK CREEK BOULEVARD and MERRICK BOULEVARD,-73.727554,40.674161
HOOK CREEK BOULEVARD and STEPHANIE DRIVE,-73.726196,40.67738
HOOKCREEK BOULEVARD and MERRICK BOULEVARD,-73.727554,40.674161
SOUTHERN PARKWAY and SPRINGFIELD BOULEVARD,-73.757957,40.665956
156 AVENUE and 76 STREET,-73.857096,40.661851
CENTERVILLE STREET and NORTH CONDUIT AVENUE,-73.839279,40.668201
CENTERVILLE STREET and PLATTWOOD AVENUE,-73.834264,40.678728
167 STREET and GRAND CENTRAL PARKWAY,-73.799184,40.717225
71 AVENUE and PARK AVENUE,-73.808994,40.730365
71 AVENUE and SUTTON PLACE,-73.80807,40.730396
73 AVENUE and HOLLIS COURT,-73.767933,40.737884
84 ROAD and MANTON STREET,-73.819123,40.710215
86 DRIVE and GRAND CENTRAL PARKWAY,-73.758337,40.725074
DANIEL STREET and GRAND CENTRAL PARKWAY,-73.815237,40.715652
HOLLIS COURT BOULEVARD and UNION TURNPIKE,-73.7637,40.732863
25 STREET and 42 ROAD,-73.941282,40.74982
30 STREET and 49 AVENUE,-73.938198,40.740544
36 STREET and HUNTERSPT AVENUE,-73.930237,40.737674
39 STREET and HUNTERSPOINT AVENUE,-73.927636,40.736596
45 AVENUE and COURT SQUARE,-73.943765,40.74658
49 AVENUE and VAN DAM STREET,-73.934576,40.739675
52 STREET and QNS BOULEVARD,-73.912891,40.742482
70 STREET and BROADWAY,-73.895275,40.748316
70 STREET and QUEENS BLVD,-73.894231,40.739966
GREENPOINT AVENUE and LONG ISLAND EXPRESSWAY,-73.931194,40.736997
122 STREET and 7 AVENUE,-73.845498,40.790831
124 STREET and 31 ROAD,-73.844728,40.767849
14 AVENUE and 144 STREET,-73.824451,40.786731
14 ROAD and 150 STREET,-73.813408,40.787754
15 AVENUE and 150 STREET,-73.813421,40.786977
163 PLACE and PIGEON MEADOW ROAD,-73.80338,40.750996
164 STREET and PIGEON MEADOW ROAD,-73.803006,40.750507
18 AVENUE and 21 STREET,-73.911485,40.785011
HIGGINS STREET and WHITESTONE EXPRESSWAY E SVC RD,-73.836918,40.768164
ROOSEVELT AVENUE and VANWYCK EXPRESSWAY,-73.838671,40.75702
79 STREET and BROADWAY,-73.886118,40.744416
205 STREET and 56 AVENUE,-73.77301,40.748396
205 STREET and HORACE HARDING EXPRESSWAY,-73.771515,40.745516
206 STREET and 34 AVENUE,-73.782531,40.768237
207 STREET and 33 AVENUE,-73.78236,40.76982
223 STREET and GRAND CENTRAL PARKWAY NORTH SR,-73.746616,40.733393
240 STREET and 43 AVENUE,-73.746909,40.767425
28 ROAD and KENNEDY STREET,-73.781424,40.77449
45 DRIVE and CLEARVIEW EXPRESSWAY,-73.777238,40.756635
MARATHON PARKWAY and VANZANDT AVENUE,-73.734344,40.7635
113 STREET and 78 AVENUE,-73.831383,40.715759
62 DRIVE and GRND CNTRL PARKWAY SR WEST,-73.846055,40.737098
67 ROAD and GRND CNTRL PARKWAY SR WEST,-73.841468,40.729997
72 ROAD and GRAND CENTRAL PARKWAY,-73.835964,40.721678
78 AVENUE and GRAND CENTRAL PARKWAY,-73.830729,40.71626
GREENWAY SOUTH and NORDEN ROAD,-73.840185,40.711358
114 AVENUE and 196 STREET,-73.758244,40.699083
150 STREET and SOUTHERN PARKWAY,-73.789482,40.666366
181 STREET and NORTH CONDUIT BOULEVARD,-73.763756,40.667093
BREWER BOULEVARD and PHROANE AVENUE,-73.786554,40.690147
NORTH CONDUIT BOULEVARD and ROCKAWAY BOULEVARD,-73.780625,40.667522
31 STREET and GRAND CENTRAL PARKWAY,-73.917505,40.770561
73 STREET and ASTORIA BOULEVARD,-73.895957,40.766904
37 AVENUE and 70 STREET,-73.895311,40.748591
70 STREET and BROADWAY,-73.895275,40.748316
90 STREET and GCP,-73.880289,40.76942
92 STREET and GCP,-73.878526,40.770049
BQE and BROADWAY,-73.896242,40.748718
ARNPRIOR STREET and RIEGELMANN STREET,-74.14321,40.623739
BARD AVENUE and SAINT AUSTINS PLACE,-74.107054,40.637192
BAY STREET and SAINT JULIAN PLACE,-74.07517,40.634165
CASTLETON AVENUE and HARBORVIEW COURT,-74.092521,40.633326
CHARLES AVENUE and SAINT JOSEPH AVENUE,-74.141628,40.635061
CIRCLE LOOP and MOSEL AVENUE,-74.077733,40.613567
COLLEGE AVENUE and WOOLEY AVENUE,-74.138365,40.621736
DERUYTER PLACE and MAPLE PARKWAY,-74.156449,40.631369
EAST BUCHANAN STREET and NORTHVIEW COURT,-74.088795,40.64424
FAIRWAY AVENUE and KIMBERLY LANE,-74.077591,40.618186
FISK AVENUE and WATCHOGUE ROAD,-74.134184,40.615362
FOXHILL TERRACE and HYLAN BOULEVARD,-74.072339,40.610932
HYATT STREET and ST MARK PLACE,-74.077899,40.641585
LAFORGE AVENUE and PORT RICHMOND AVENUE,-74.139288,40.630743
LAGUNA LANE and VAN PELT AVENUE,-74.154867,40.635834
LEONARD AVENUE and SAINT JOHN AVENUE,-74.134945,40.617845
MAXIE COURT and VANDUZER STREET,-74.085487,40.621653
NICHOLAS AVENUE and PORT LANE,-74.139409,40.638634
PAXTON STREET and SAINT PAULS AVENUE,-74.078992,40.633191
PORT RICHMOND AVENUE and RUMPLER COURT,-74.143016,40.625672
REGIS DRIVE and RICHMOND AVENUE,-74.154791,40.618838
SKY LANE and SKYLINE DRIVE,-74.077731,40.614472
SLOSSEN AVENUE and VICTORY BOULEVARD,-74.116841,40.613525
VANTUYL STREET and YORK AVENUE,-74.088236,40.638399
AKRON STREET and JENNIFER PLACE,-74.157778,40.611346
AMHERST STREET and GUYON AVENUE,-74.116442,40.55821
ARLENE STREET and SIERRA COURT,-74.166325,40.604261
ARTHUR KILL ROAD and LENNON COURT,-74.161931,40.561111
ASCOT AVENUE and ST ANDREWS ROAD,-74.134779,40.574807
CAPODANNO BOULEVARD and NAUGHTON AVENUE,-74.08079,40.577048
CAPODANNO BOULEVARD and SEAGATE COURT,-74.063361,40.592907
CONGER STREET and MCCLEAN AVENUE,-74.066264,40.59811
CORBIN AVENUE and WILLOW WOOD LANE,-74.144618,40.558718
CORONA AVENUE and FULLER COURT,-74.140485,40.562994
CORONA AVENUE and GARTH COURT,-74.141303,40.563391
DANNY COURT and MERRILL AVENUE,-74.161495,40.609963
DAWSON STREET and WOOLEY AVENUE,-74.140605,40.604468
EAST ENTRY ROAD and FLAGG PLACE,-74.102843,40.589159
EAST SERVICE ROAD and VICTORY BOULEVARD,-74.192938,40.59038
EXECUTIVE WAY and FOREST HILL ROAD,-74.144541,40.592631
FATHER CAPODANNO BOULEVARD and LINCOLN AVENUE,-74.091069,40.569928
FATHER CAPODANNO BOULEVARD and SEAVER AVENUE,-74.082905,40.575836
FATHER CAPODANNO BOULEVARD and SEAVIEW AVENUE,-74.077801,40.579251
FINGERBOARD ROAD and MARIE STREET,-74.084573,40.601822
FINGERBOARD ROAD and STEUBEN STREET,-74.076437,40.601002
FINGERBOARD ROAD and TARGEE STREET,-74.091721,40.59922
FRANCIS PLACE and KEUNE COURT,-74.099545,40.600797
GLENN STREET and WILD AVENUE,-74.192096,40.593107
JUSTIN AVENUE and OGORMAN AVENUE,-74.134698,40.555777
LONDON ROAD and RIGBY STREET,-74.143465,40.576525
LOTT LANE and PLATINUM AVENUE,-74.163062,40.57606
MARSH AVENUE and STATEN ISLAND MALL DRIVE,-74.16348,40.579282
NORTHPORT LANE and WESTPORT STREET,-74.160438,40.583738
RICHMOND ROAD and SOPHIA LANE,-74.098067,40.594881
RIDGEWAY AVENUE and VICTORY BOULEVARD,-74.183811,40.595852
ROOSEVELT AVENUE and ROOSEVELT COURT,-74.132869,40.604475
ROSE AVENUE and THIRD STREET,-74.119191,40.574094
SHELLY AVENUE and VICTORY BOULEVARD,-74.188818,40.592794
TARGEE STREET and VENICE STREET,-74.091344,40.602424
TODT HILL ROAD and VALLEY VIEW PLACE,-74.115676,40.606132
ARTHUR KILL ROAD and TYRELL STREET,-74.24899,40.512882
CHARLESTON AVENUE and HEMLOCK COURT,-74.215726,40.549406
CODY PLACE and COUNTRY LANE,-74.201444,40.553909
DAWN COURT and PAGE AVENUE,-74.23064,40.509413
HAMPTON PLACE and MEADOW COURT,-74.214112,40.548534
HYLAN BOULEVARD and PHILLIP AVENUE,-74.175733,40.526761
